"location_id","location_title","location_address","location_draggable","location_infowindow_default_open","location_animation","location_latitude","location_longitude","location_city","location_state","location_country","location_postal_code","location_zoom","location_messages","location_settings","location_group_map","location_extrafields"
"1","Patapat Viaduct","Patapat Viaduct, Pagudpud, Ilocos Region, Philippines",,,"BOUNCE","18.5749751","120.89512779999995","Pagudpud","Ilocos Region","Philippines",,"0",,"a:3:{s:7:""onclick"";s:11:""custom_link"";s:13:""redirect_link"";s:69:""https://jboy.cagumbay.com/carpe-diem-going-up-north-with-ineng-day-2/"";s:20:""redirect_link_window"";s:3:""yes"";}","a:0:{}","N;"
"2","Bangui Windmills","Bangui Windmills, Bangui, Ilocos Region, Philippines",,,"BOUNCE","18.528571","120.71811000000002",,"Cordillera Administrative Region","Philippines",,"0",,"a:3:{s:7:""onclick"";s:11:""custom_link"";s:13:""redirect_link"";s:69:""https://jboy.cagumbay.com/carpe-diem-going-up-north-with-ineng-day-3/"";s:20:""redirect_link_window"";s:3:""yes"";}","a:0:{}","N;"
"3","Cape Bojeador Lighthouse,","Cape Bojeador Lighthouse, Burgos, Ilocos Region, Philippines",,,"BOUNCE","18.5121834","120.59773999999993","Burgos","Ilocos Region","Philippines",,"0",,"a:3:{s:7:""onclick"";s:11:""custom_link"";s:13:""redirect_link"";s:69:""https://jboy.cagumbay.com/carpe-diem-going-up-north-with-ineng-day-3/"";s:20:""redirect_link_window"";s:3:""yes"";}","a:0:{}","N;"
"4","Kapurpurawan Rock Formation","Kapurpurawan Rock Formation, Burgos, Ilocos Region, Philippines",,,"BOUNCE","18.538282","120.65360399999997","Burgos","Ilocos Region","Philippines",,"0",,"a:3:{s:7:""onclick"";s:11:""custom_link"";s:13:""redirect_link"";s:69:""https://jboy.cagumbay.com/carpe-diem-going-up-north-with-ineng-day-3/"";s:20:""redirect_link_window"";s:3:""yes"";}","a:0:{}","N;"
"5","Paoay Sand Dunes","Paoay Sand Dunes, Paoay, Ilocos Region, Philippines",,,"BOUNCE","18.09301","120.48472400000003","Paoay","Ilocos Region","Philippines",,"0",,"a:3:{s:7:""onclick"";s:11:""custom_link"";s:13:""redirect_link"";s:69:""https://jboy.cagumbay.com/carpe-diem-going-up-north-with-ineng-day-3/"";s:20:""redirect_link_window"";s:3:""yes"";}","a:0:{}","N;"
"6","Malacañang of the North","Malacañang of the North, Paoay, Ilocos Region, Philippines",,,"BOUNCE","18.128136","120.53992199999993","Paoay","Ilocos Region","Philippines",,"0",,"a:3:{s:7:""onclick"";s:11:""custom_link"";s:13:""redirect_link"";s:69:""https://jboy.cagumbay.com/carpe-diem-going-up-north-with-ineng-day-3/"";s:20:""redirect_link_window"";s:3:""yes"";}","a:0:{}","N;"
"7","Ferdinand Marcos Presidential Center","Batac, Ilocos Region, Philippines",,,"BOUNCE","18.0460318","120.59407770000007","Batac","Ilocos Region","Philippines",,"0",,"a:3:{s:7:""onclick"";s:11:""custom_link"";s:13:""redirect_link"";s:69:""https://jboy.cagumbay.com/carpe-diem-going-up-north-with-ineng-day-3/"";s:20:""redirect_link_window"";s:3:""yes"";}","a:0:{}","N;"
"8","Calle Crisologo","Calle Crisologo, Vigan City, Ilocos Region, Philippines",,,"BOUNCE","17.571296","120.38876500000003","Vigan City","Ilocos Region","Philippines",,"0",,"a:3:{s:7:""onclick"";s:11:""custom_link"";s:13:""redirect_link"";s:69:""https://jboy.cagumbay.com/carpe-diem-going-up-north-with-ineng-day-3/"";s:20:""redirect_link_window"";s:3:""yes"";}","a:0:{}","N;"
"9","Baluarte","Baluarte, Vigan City, Ilocos Region, Philippines",,,"BOUNCE","17.551578","120.37705699999992","Vigan City","Ilocos Region","Philippines",,"0",,"a:3:{s:7:""onclick"";s:11:""custom_link"";s:13:""redirect_link"";s:69:""https://jboy.cagumbay.com/carpe-diem-going-up-north-with-ineng-day-3/"";s:20:""redirect_link_window"";s:3:""yes"";}","a:0:{}","N;"
"10","Baguio","Baguio, Cordillera Administrative Region, Philippines",,,"BOUNCE","16.4023332","120.59600709999995","Baguio","Cordillera Administrative Region","Philippines",,"0",,"a:3:{s:7:""onclick"";s:6:""marker"";s:13:""redirect_link"";s:0:"""";s:20:""redirect_link_window"";s:3:""yes"";}","N;","N;"
"11","Strawberry Fields","Strawberry Fields, La Trinidad, Cordillera Administrative Region, Philippines",,,"BOUNCE","16.4571627","120.58474810000007","La Trinidad","Cordillera Administrative Region","Philippines",,"0",,"a:3:{s:7:""onclick"";s:6:""marker"";s:13:""redirect_link"";s:0:"""";s:20:""redirect_link_window"";s:3:""yes"";}","N;","N;"
"12","Coron Island","Coron Island, Coron, MIMAROPA, Philippines",,,"BOUNCE","11.9283293","120.23973360000002","Coron",,"Philippines",,"0",,"a:3:{s:7:""onclick"";s:11:""custom_link"";s:13:""redirect_link"";s:54:""https://jboy.cagumbay.com/4-day-millionaires-in-coron/"";s:20:""redirect_link_window"";s:3:""yes"";}","a:0:{}","N;"
"13","Banana Island","Banana Island, Coron, Philippines",,,"BOUNCE","11.770858","120.12669200000005","Coron",,"Philippines",,"0",,"a:3:{s:7:""onclick"";s:11:""custom_link"";s:13:""redirect_link"";s:54:""https://jboy.cagumbay.com/4-day-millionaires-in-coron/"";s:20:""redirect_link_window"";s:3:""yes"";}","a:0:{}","N;"
"14","Apo Island","Apo Island, Dauin, Central Visayas, Philippines",,,"BOUNCE","9.079721300000001","123.27142920000006","Dauin",,"Philippines",,"0",,"a:3:{s:7:""onclick"";s:11:""custom_link"";s:13:""redirect_link"";s:56:""https://jboy.cagumbay.com/swimming-with-the-sea-turtles/"";s:20:""redirect_link_window"";s:3:""yes"";}","a:0:{}","N;"
"15","Siquijor","Siquijor, Central Visayas, Philippines",,,"BOUNCE","9.199877899999999","123.59519249999994",,"Central Visayas","Philippines",,"0",,"a:3:{s:7:""onclick"";s:11:""custom_link"";s:13:""redirect_link"";s:58:""https://jboy.cagumbay.com/siquijor-the-second-time-around/"";s:20:""redirect_link_window"";s:3:""yes"";}","a:0:{}","N;"
"16","Cagayan De Oro Whitewater River Rafting","Cagayan De Oro Whitewater River Rafting, Cagayan de Oro, Philippines",,,"BOUNCE","8.467342","124.64775600000007","Cagayan de Oro",,"Philippines","9000","0",,"a:3:{s:7:""onclick"";s:11:""custom_link"";s:13:""redirect_link"";s:53:""https://jboy.cagumbay.com/braving-whitewater-rafting/"";s:20:""redirect_link_window"";s:3:""yes"";}","a:0:{}","N;"
"17","Dahilayan Adventure Park","Dahilayan Adventure Park, Manolo Fortich, Northern Mindanao, Philippines",,,"BOUNCE","8.205889","124.85748999999998","Manolo Fortich","Northern Mindanao","Philippines","8703","0",,"a:3:{s:7:""onclick"";s:11:""custom_link"";s:13:""redirect_link"";s:51:""https://jboy.cagumbay.com/dahilayan-adventure-park/"";s:20:""redirect_link_window"";s:3:""yes"";}","a:0:{}","N;"
"18","Davao City","Davao City, Davao Region, Philippines",,,"BOUNCE","7.190708","125.45534099999998","Davao City","Davao Region","Philippines",,"0",,"a:3:{s:7:""onclick"";s:11:""custom_link"";s:13:""redirect_link"";s:58:""https://jboy.cagumbay.com/gone-for-the-weekend-davao-city/"";s:20:""redirect_link_window"";s:3:""yes"";}","a:0:{}","N;"
"19","General Santos City","General Santos City, SOCCSKSARGEN, Philippines",,,"BOUNCE","6.1163861","125.17161799999997","General Santos","Region XII","Philippines",,"0",,"a:3:{s:7:""onclick"";s:11:""custom_link"";s:13:""redirect_link"";s:60:""https://jboy.cagumbay.com/weekend-getaway-southern-mindanao/"";s:20:""redirect_link_window"";s:3:""yes"";}","a:0:{}","N;"
"20","Lake Sebu's 7 Falls","Lake Sebu's 7 Falls, To 2nd Falls, Lake Sebu, SOCCSKSARGEN, Philippines",,,"BOUNCE","6.246609","124.728609","Lake Sebu","Region XII","Philippines",,"0",,"a:3:{s:7:""onclick"";s:11:""custom_link"";s:13:""redirect_link"";s:60:""https://jboy.cagumbay.com/weekend-getaway-southern-mindanao/"";s:20:""redirect_link_window"";s:3:""yes"";}","a:0:{}","N;"
"21","Dipolog City","Dipolog City, Zamboanga Peninsula, Philippines",,,"BOUNCE","8.5142736","123.33739160000005","Dipolog City","Zamboanga Peninsula","Philippines",,"0",,"a:3:{s:7:""onclick"";s:11:""custom_link"";s:13:""redirect_link"";s:37:""https://jboy.cagumbay.com/dragonboat/"";s:20:""redirect_link_window"";s:3:""yes"";}","a:0:{}","N;"
"22","Dakak Park and Beach Resort","Dakak Park and Beach Resort, Dapitan City, Philippines",,,"BOUNCE","8.695334","123.39337899999998","Dapitan City",,"Philippines","7101","0",,"a:3:{s:7:""onclick"";s:11:""custom_link"";s:13:""redirect_link"";s:54:""https://jboy.cagumbay.com/dakak-park-and-beach-resort/"";s:20:""redirect_link_window"";s:3:""yes"";}","a:0:{}","N;"
"23","Cebu City","Cebu City, Central Visayas, Philippines",,,"BOUNCE","10.3156992","123.88543660000005","Cebu City","Central Visayas","Philippines",,"0",,"a:3:{s:7:""onclick"";s:11:""custom_link"";s:13:""redirect_link"";s:48:""https://jboy.cagumbay.com/iris-jane-and-west-35/"";s:20:""redirect_link_window"";s:3:""yes"";}","a:0:{}","N;"
"24","Bantayan Island","Bantayan Island, Cebu, Central Visayas, Philippines",,,"BOUNCE","11.1843073","123.74624570000003",,,"Philippines",,"0",,"a:3:{s:7:""onclick"";s:11:""custom_link"";s:13:""redirect_link"";s:59:""https://jboy.cagumbay.com/the-cool-kids-of-bantayan-island/"";s:20:""redirect_link_window"";s:3:""yes"";}","a:0:{}","N;"
"25","Santiago Bay Beach","Camotes Islands",,,"BOUNCE","10.590403478347428","124.3081924438477","San Francisco","Central Visayas","Philippines","94116","0",,"a:3:{s:7:""onclick"";s:11:""custom_link"";s:13:""redirect_link"";s:52:""https://jboy.cagumbay.com/weekend-at-camotes-island/"";s:20:""redirect_link_window"";s:3:""yes"";}","a:0:{}","N;"
"26","Kalanggaman Island","Kalanggaman Island",,,"BOUNCE","11.1143992","124.2494537",,,"Philippines",,"0",,"a:3:{s:7:""onclick"";s:11:""custom_link"";s:13:""redirect_link"";s:56:""https://jboy.cagumbay.com/weekend-at-kalanggaman-island/"";s:20:""redirect_link_window"";s:3:""yes"";}","a:0:{}","N;"
"27","Balicasag Island","Balicasag Island",,,"BOUNCE","9.5161073","123.68330079999998",,,"Philippines",,"0",,"a:3:{s:7:""onclick"";s:6:""marker"";s:13:""redirect_link"";s:0:"""";s:20:""redirect_link_window"";s:3:""yes"";}","N;","N;"
"28","Panglao Island","Panglao Island, Bohol, Central Visayas, Philippines",,,"BOUNCE","9.5986918","123.79855440000006",,,"Philippines",,"0",,"a:3:{s:7:""onclick"";s:6:""marker"";s:13:""redirect_link"";s:0:"""";s:20:""redirect_link_window"";s:3:""yes"";}","N;","N;"
"29","Gibitngil Island","Gibitngil Island",,,"BOUNCE","11.1841113","123.92203360000008",,,"Philippines",,"0",,"a:3:{s:7:""onclick"";s:6:""marker"";s:13:""redirect_link"";s:0:"""";s:20:""redirect_link_window"";s:3:""yes"";}","N;","N;"
"30","Moalboal Beach Resort","Moalboal Beach Resort, Moalboal, Philippines",,,"BOUNCE","9.985714","123.38436100000001","Moalboal",,"Philippines","6032","0",,"a:3:{s:7:""onclick"";s:11:""custom_link"";s:13:""redirect_link"";s:52:""https://jboy.cagumbay.com/cebu-road-trip-down-south/"";s:20:""redirect_link_window"";s:3:""yes"";}","a:0:{}","N;"
"31","Forest Camp","Valencia : Forest Camp, Taft Street, Valencia, Central Visayas, Philippines",,,"BOUNCE","9.287978","123.23097800000005","Valencia","Central Visayas","Philippines",,"0",,"a:3:{s:7:""onclick"";s:11:""custom_link"";s:13:""redirect_link"";s:68:""https://jboy.cagumbay.com/xlr8-ventures-inc-goes-to-negros-oriental/"";s:20:""redirect_link_window"";s:3:""yes"";}","a:0:{}","N;"
"32","Manila","Manila, NCR, Philippines",,,"BOUNCE","14.5995124","120.9842195","Manila","Metro Manila","Philippines",,"0",,"a:3:{s:7:""onclick"";s:11:""custom_link"";s:13:""redirect_link"";s:69:""https://jboy.cagumbay.com/carpe-diem-going-up-north-with-ineng-day-3/"";s:20:""redirect_link_window"";s:3:""yes"";}","a:0:{}","N;"
"33","Anda de Boracay","Anda de Boracay, Anda, Central Visayas, Philippines",,,"BOUNCE","9.742494","124.576056","Anda","Central Visayas","Philippines",,"0",,"a:3:{s:7:""onclick"";s:11:""custom_link"";s:13:""redirect_link"";s:58:""https://jboy.cagumbay.com/country-living-guindulman-bohol/"";s:20:""redirect_link_window"";s:3:""yes"";}","a:0:{}","N;"
"34","Kawasan Falls","Kawasan Falls, Badian, Central Visayas, Philippines",,,"BOUNCE","9.804304","123.38254299999994","Badian","Central Visayas","Philippines",,"0",,"a:3:{s:7:""onclick"";s:11:""custom_link"";s:13:""redirect_link"";s:68:""https://jboy.cagumbay.com/kanla-ob-canyoneering-a-long-overdue-trip/"";s:20:""redirect_link_window"";s:3:""yes"";}","a:0:{}","N;"
"35","Osmena Peak","Osmeña Peak",,,"BOUNCE","9.8224971","123.448333",,,,,"0",,"a:3:{s:7:""onclick"";s:11:""custom_link"";s:13:""redirect_link"";s:64:""https://jboy.cagumbay.com/a-cold-and-foggy-night-at-osmena-peak/"";s:20:""redirect_link_window"";s:3:""yes"";}","a:0:{}","N;"
"36","Pandanon Island","Pandanon Island",,,"BOUNCE","10.1791667","124.08361109999998",,,"Philippines",,"0",,"a:3:{s:7:""onclick"";s:11:""custom_link"";s:13:""redirect_link"";s:49:""https://jboy.cagumbay.com/island-hopping-in-cebu/"";s:20:""redirect_link_window"";s:3:""yes"";}","a:0:{}","N;"
"37","Chocolate Hills","Chocolate Hills, Loay Interior Road, Carmen, Central Visayas, Philippines",,,"BOUNCE","9.833694","124.198036","Carmen","Central Visayas","Philippines",,"0",,"a:3:{s:7:""onclick"";s:11:""custom_link"";s:13:""redirect_link"";s:46:""https://jboy.cagumbay.com/bohol-in-a-nutshell/"";s:20:""redirect_link_window"";s:3:""yes"";}","a:0:{}","N;"
"38","Sagbayan Peak","Sagbayan Peak, Carmen-Sagbayan-Bacani Road, Sagbayan, Central Visayas, Philippines",,,"BOUNCE","9.927341","124.07057800000007","Sagbayan","Central Visayas","Philippines",,"0",,"a:3:{s:7:""onclick"";s:11:""custom_link"";s:13:""redirect_link"";s:46:""https://jboy.cagumbay.com/bohol-in-a-nutshell/"";s:20:""redirect_link_window"";s:3:""yes"";}","a:0:{}","N;"
"39","Loboc River Cruise","Loboc River Cruise, Loboc, Central Visayas, Philippines",,,"BOUNCE","9.634839","124.03064500000005","Loboc","Central Visayas","Philippines",,"0",,"a:3:{s:7:""onclick"";s:11:""custom_link"";s:13:""redirect_link"";s:46:""https://jboy.cagumbay.com/bohol-in-a-nutshell/"";s:20:""redirect_link_window"";s:3:""yes"";}","a:0:{}","N;"
"40","Loboc Man-Made Forest","Loboc Man-Made Forest, Loay Interior Road, Loboc, Central Visayas, Philippines",,,"BOUNCE","9.664232","124.07847400000003","Loboc","Central Visayas","Philippines",,"0",,"a:3:{s:7:""onclick"";s:11:""custom_link"";s:13:""redirect_link"";s:46:""https://jboy.cagumbay.com/bohol-in-a-nutshell/"";s:20:""redirect_link_window"";s:3:""yes"";}","a:0:{}","N;"
"41","Whale watching","Oslob Whale Shark Watching, Oslob, Central Visayas, Philippines",,,"BOUNCE","9.46374","123.38042300000006","Tan-awan Oslob",,"Philippines","6025","0",,"a:3:{s:7:""onclick"";s:11:""custom_link"";s:13:""redirect_link"";s:63:""https://jboy.cagumbay.com/whale-shark-encounter-tan-awan-oslob/"";s:20:""redirect_link_window"";s:3:""yes"";}","a:0:{}","N;"
"42","Pescador Island","Pescador Island",,,"BOUNCE","9.923113100000002","123.34352939999997",,,"Philippines",,"0",,"a:3:{s:7:""onclick"";s:11:""custom_link"";s:13:""redirect_link"";s:64:""https://jboy.cagumbay.com/moalboal-dolphins-corals-and-sardines/"";s:20:""redirect_link_window"";s:3:""yes"";}","a:0:{}","N;"
"43","Dumaguete City","Dumaguete City, Central Visayas, Philippines",,,"BOUNCE","9.3068402","123.30544669999995","Dumaguete","Central Visayas","Philippines",,"0",,"a:3:{s:7:""onclick"";s:11:""custom_link"";s:13:""redirect_link"";s:45:""https://jboy.cagumbay.com/a-day-in-dumaguete/"";s:20:""redirect_link_window"";s:3:""yes"";}","a:0:{}","N;"
"44","Malapascua Island","Malapascua Island, Daanbantayan, Central Visayas, Philippines",,,"BOUNCE","11.3358464","124.11563619999993",,,"Philippines",,"0",,"a:3:{s:7:""onclick"";s:11:""custom_link"";s:13:""redirect_link"";s:70:""https://jboy.cagumbay.com/malapascua-island-more-than-thresher-sharks/"";s:20:""redirect_link_window"";s:3:""yes"";}","a:0:{}","N;"
"45","Camiguin Island","Camiguin Island, Camiguin, Northern Mindanao, Philippines",,,"BOUNCE","9.173216400000001","124.72987650000005",,,"Philippines",,"0",,"a:3:{s:7:""onclick"";s:11:""custom_link"";s:13:""redirect_link"";s:49:""https://jboy.cagumbay.com/come-again-to-camiguin/"";s:20:""redirect_link_window"";s:3:""yes"";}","a:0:{}","N;"
"46","Manjuyod Sand Bar","Sand Bar, Negros Oriental, Central Visayas, Philippines",,,"BOUNCE","9.6198608","123.16748280000002",,"Central Visayas","Philippines",,"0",,"a:3:{s:7:""onclick"";s:11:""custom_link"";s:13:""redirect_link"";s:68:""https://jboy.cagumbay.com/xlr8-ventures-inc-goes-to-negros-oriental/"";s:20:""redirect_link_window"";s:3:""yes"";}","a:0:{}","N;"
"47","Pamilacan Island","Pamilacan Island, Baclayon, Central Visayas, Philippines",,,"BOUNCE","9.4912726","123.92203360000008","Baclayon",,"Philippines",,"0",,"a:3:{s:7:""onclick"";s:11:""custom_link"";s:13:""redirect_link"";s:46:""https://jboy.cagumbay.com/bohol-in-a-nutshell/"";s:20:""redirect_link_window"";s:3:""yes"";}","a:0:{}","N;"
"48","Isola Di Francesco (Puntod Island)","Pontod Island",,,"BOUNCE","9.559671999999999","123.72086149999996",,,"Philippines",,"0",,"a:3:{s:7:""onclick"";s:11:""custom_link"";s:13:""redirect_link"";s:46:""https://jboy.cagumbay.com/bohol-in-a-nutshell/"";s:20:""redirect_link_window"";s:3:""yes"";}","a:0:{}","N;"
"49","Campoquino Bay Beach Resort","Campoquino Bay Beach Resort, Philippines",,,"BOUNCE","9.7400091","122.39644199999998","Sipalay",,"Philippines",,"0",,"a:3:{s:7:""onclick"";s:11:""custom_link"";s:13:""redirect_link"";s:64:""https://jboy.cagumbay.com/sipalay-city-expecting-the-unexpected/"";s:20:""redirect_link_window"";s:3:""yes"";}","a:0:{}","N;"
"50","Sipalay City","Sipalay City, Western Visayas, Philippines",,,"BOUNCE","9.719788699999999","122.49200880000001","Sipalay City","Western Visayas","Philippines",,"0",,"a:3:{s:7:""onclick"";s:11:""custom_link"";s:13:""redirect_link"";s:64:""https://jboy.cagumbay.com/sipalay-city-expecting-the-unexpected/"";s:20:""redirect_link_window"";s:3:""yes"";}","a:0:{}","N;"
"51","Bayawan City","Bayawan City, Central Visayas, Philippines",,,"BOUNCE","9.361826805795218","122.81031683300785","Bayawan City","Central Visayas","Philippines",,"0",,"a:3:{s:7:""onclick"";s:11:""custom_link"";s:13:""redirect_link"";s:64:""https://jboy.cagumbay.com/sipalay-city-expecting-the-unexpected/"";s:20:""redirect_link_window"";s:3:""yes"";}","a:0:{}","N;"
"52","Perth Beach Resort","Perth Beach Resort, Sipalay City, Western Visayas, Philippines",,,"BOUNCE","9.728808299999999","122.3945215","Sipalay City","Western Visayas","Philippines",,"0",,"a:3:{s:7:""onclick"";s:11:""custom_link"";s:13:""redirect_link"";s:64:""https://jboy.cagumbay.com/sipalay-city-expecting-the-unexpected/"";s:20:""redirect_link_window"";s:3:""yes"";}","a:0:{}","N;"
"53","Casaroro Falls","Casaroro Falls, Taft Street, Valencia, Central Visayas, Philippines",,,"BOUNCE","9.2785485","123.2052152","Valencia","Central Visayas","Philippines",,"0",,"a:3:{s:7:""onclick"";s:11:""custom_link"";s:13:""redirect_link"";s:60:""https://jboy.cagumbay.com/chasing-waterfalls-casaroro-falls/"";s:20:""redirect_link_window"";s:3:""yes"";}","a:0:{}","N;"
"54","Malabo Falls","Malabo Falls",,,"BOUNCE","9.314423009066237","123.22604493686526","Valencia","Central Visayas","Philippines",,"0",,"a:3:{s:7:""onclick"";s:11:""custom_link"";s:13:""redirect_link"";s:69:""https://jboy.cagumbay.com/chasing-waterfalls-malabo-pulangbato-falls/"";s:20:""redirect_link_window"";s:3:""yes"";}","a:0:{}","N;"
"55","Lake Balinsasayao","Lake Balinsasayao, Sibulan, Central Visayas, Philippines",,,"BOUNCE","9.353611100000002","123.17833330000008","Sibulan","Central Visayas","Philippines",,"0",,"a:3:{s:7:""onclick"";s:11:""custom_link"";s:13:""redirect_link"";s:55:""https://jboy.cagumbay.com/twin-lakes-lake-balinsasayao/"";s:20:""redirect_link_window"";s:3:""yes"";}","a:0:{}","N;"
"56","Talicud Island","Talicud Island, Island Garden City of Samal, Davao Region, Philippines",,,"BOUNCE","6.929308199999999","125.70246099999997","Island Garden City of Samal",,"Philippines",,"0",,"a:3:{s:7:""onclick"";s:11:""custom_link"";s:13:""redirect_link"";s:58:""https://jboy.cagumbay.com/gone-for-the-weekend-davao-city/"";s:20:""redirect_link_window"";s:3:""yes"";}","a:0:{}","N;"
"57","Hagimit Falls","Hagimit Natures Resort (Hagimit Falls), Island Garden City of Samal, Davao Region, Philippines",,,"BOUNCE","7.066995799999999","125.72533120000003","Island Garden City of Samal","Davao Region","Philippines",,"0",,"a:3:{s:7:""onclick"";s:11:""custom_link"";s:13:""redirect_link"";s:59:""https://jboy.cagumbay.com/chasing-waterfalls-hagimit-falls/"";s:20:""redirect_link_window"";s:3:""yes"";}","a:0:{}","N;"
"58","Nalusuan Island Resort","Nalusuan Island Resort, Cordova, Central Visayas, Philippines",,,"BOUNCE","10.190821","124.00088849999997","Cordova","Central Visayas","Philippines",,"0",,"a:3:{s:7:""onclick"";s:11:""custom_link"";s:13:""redirect_link"";s:67:""https://jboy.cagumbay.com/celebrating-christmas-in-nalusuan-island/"";s:20:""redirect_link_window"";s:3:""yes"";}","a:0:{}","N;"
"59","Canigao Island","Canigao Island, Matalom, Eastern Visayas, Philippines",,,"BOUNCE","10.2485394","124.74990869999999","Matalom",,"Philippines",,"0",,"a:3:{s:7:""onclick"";s:11:""custom_link"";s:13:""redirect_link"";s:67:""https://jboy.cagumbay.com/canigao-island-hello-from-the-other-side/"";s:20:""redirect_link_window"";s:3:""yes"";}","a:0:{}","N;"
"60","Hindang Caves and Wild Monkeys","Hindang, Eastern Visayas, Philippines",,,"BOUNCE","10.4305009","124.74417119999998","Hindang","Eastern Visayas","Philippines",,"0",,"a:3:{s:7:""onclick"";s:11:""custom_link"";s:13:""redirect_link"";s:65:""https://jboy.cagumbay.com/the-caves-and-monkeys-of-hindang-leyte/"";s:20:""redirect_link_window"";s:3:""yes"";}","a:0:{}","N;"
"61","Sambawan Island","Sambawan Island",,,"BOUNCE","11.7663058","124.26386630000002",,,"Philippines",,"0",,"a:3:{s:7:""onclick"";s:11:""custom_link"";s:13:""redirect_link"";s:58:""https://jboy.cagumbay.com/the-picturesque-sambawan-island/"";s:20:""redirect_link_window"";s:3:""yes"";}","a:0:{}","N;"
"62","Dalutan Island","Dalutan Island, Almeria, Eastern Visayas, Philippines",,,"BOUNCE","11.6298335","124.34318059999998","Almeria",,"Philippines",,"0",,"a:3:{s:7:""onclick"";s:11:""custom_link"";s:13:""redirect_link"";s:73:""https://jboy.cagumbay.com/biliran-province-the-definition-of-hospitality/"";s:20:""redirect_link_window"";s:3:""yes"";}","a:0:{}","N;"
"63","Recoletos Falls","Recoletos Falls Road, Almeria, Eastern Visayas, Philippines",,,"BOUNCE","11.6064161","124.40409799999998","Almeria","Eastern Visayas","Philippines",,"0",,"a:3:{s:7:""onclick"";s:11:""custom_link"";s:13:""redirect_link"";s:61:""https://jboy.cagumbay.com/chasing-waterfalls-recoletos-falls/"";s:20:""redirect_link_window"";s:3:""yes"";}","a:0:{}","N;"
"64","Ulan-ulan Falls","Recoletos Falls Road, Almeria, Eastern Visayas, Philippines",,,"BOUNCE","11.6064161","124.40409799999998","Almeria","Eastern Visayas","Philippines",,"0",,"a:3:{s:7:""onclick"";s:11:""custom_link"";s:13:""redirect_link"";s:61:""https://jboy.cagumbay.com/chasing-waterfalls-ulan-ulan-falls/"";s:20:""redirect_link_window"";s:3:""yes"";}","a:0:{}","N;"
"65","Monte Cueva Shrine","Monte Cueva, Maasin City, Eastern Visayas, Philippines",,,"BOUNCE","10.1433363","124.84127690000003","Maasin City","Eastern Visayas","Philippines",,"0",,"a:3:{s:7:""onclick"";s:11:""custom_link"";s:13:""redirect_link"";s:67:""https://jboy.cagumbay.com/maasin-city-salt-city-of-the-philippines/"";s:20:""redirect_link_window"";s:3:""yes"";}","a:0:{}","N;"
"66","Dulag Surf Camp","Dulag, Eastern Visayas, Philippines",,,"BOUNCE","10.9591507","125.00576950000004","Dulag","Eastern Visayas","Philippines",,"0",,"a:3:{s:7:""onclick"";s:11:""custom_link"";s:13:""redirect_link"";s:51:""https://jboy.cagumbay.com/surfs-up-dulag-surf-camp/"";s:20:""redirect_link_window"";s:3:""yes"";}","a:0:{}","N;"
"67","Agas-Agas Bridge","Agas-Agas Bridge, Sogod, Eastern Visayas, Philippines",,,"BOUNCE","10.4964519","124.99797820000003","Sogod","Eastern Visayas","Philippines","6606","0",,"a:3:{s:7:""onclick"";s:11:""custom_link"";s:13:""redirect_link"";s:62:""https://jboy.cagumbay.com/road-trip-southern-leyte-and-beyond/"";s:20:""redirect_link_window"";s:3:""yes"";}","a:0:{}","N;"
"68","Sabin Resort Hotel","Sabin Resort Hotel, Ormoc, Eastern Visayas, Philippines",,,"BOUNCE","10.9904859","124.62120290000007","Ormoc","Eastern Visayas","Philippines","6541","0",,"a:3:{s:7:""onclick"";s:11:""custom_link"";s:13:""redirect_link"";s:62:""https://jboy.cagumbay.com/road-trip-southern-leyte-and-beyond/"";s:20:""redirect_link_window"";s:3:""yes"";}","a:0:{}","N;"
"69","Baybay City","Baybay City, Eastern Visayas, Philippines",,,"BOUNCE","10.6521412","124.85256260000006","Baybay City","Eastern Visayas","Philippines","6521","0",,"a:3:{s:7:""onclick"";s:11:""custom_link"";s:13:""redirect_link"";s:62:""https://jboy.cagumbay.com/road-trip-southern-leyte-and-beyond/"";s:20:""redirect_link_window"";s:3:""yes"";}","a:0:{}","N;"
"70","Verbier","Verbier, Bagnes, Switzerland",,,"BOUNCE","46.09578299999999","7.228850999999963","Verbier","Wallis","Switzerland","1936","0",,"a:3:{s:7:""onclick"";s:11:""custom_link"";s:13:""redirect_link"";s:71:""https://jboy.cagumbay.com/verbier-experiencing-snow-for-the-first-time/"";s:20:""redirect_link_window"";s:3:""yes"";}","a:0:{}","N;"
"71","Lausanne","Lausanne, Switzerland",,,"BOUNCE","46.5196535","6.632273400000031","Lausanne","Vaud","Switzerland",,"0",,"a:3:{s:7:""onclick"";s:11:""custom_link"";s:13:""redirect_link"";s:45:""https://jboy.cagumbay.com/sunset-in-lausanne/"";s:20:""redirect_link_window"";s:3:""yes"";}","a:0:{}","N;"
"72","Olympique Museum","The Olympic Museum, Lausanne, Switzerland",,,"BOUNCE","46.5087324","6.63408789999994","Lausanne","Vaud","Switzerland","1006","0",,"a:3:{s:7:""onclick"";s:11:""custom_link"";s:13:""redirect_link"";s:45:""https://jboy.cagumbay.com/the-olympic-museum/"";s:20:""redirect_link_window"";s:3:""yes"";}","a:0:{}","N;"
"73","Geneva","Geneva, Switzerland",,,"BOUNCE","46.2043907","6.143157699999961","Geneva","Geneva","Switzerland",,"0",,"a:3:{s:7:""onclick"";s:11:""custom_link"";s:13:""redirect_link"";s:64:""https://jboy.cagumbay.com/a-city-of-history-and-expensive-stuff/"";s:20:""redirect_link_window"";s:3:""yes"";}","a:0:{}","N;"
"74","Old Town Warsaw","Warsaw Old Town, Warsaw, Poland",,,"BOUNCE","52.24773309999999","21.01360790000001","Warszawa","Masovian Voivodeship","Poland",,"0",,"a:3:{s:7:""onclick"";s:11:""custom_link"";s:13:""redirect_link"";s:42:""https://jboy.cagumbay.com/warsaw-old-town/"";s:20:""redirect_link_window"";s:3:""yes"";}","a:0:{}","N;"
"75","Bayonne","Bayonne, France",,,"BOUNCE","43.492949","-1.4748409999999694","Bayonne","Nouvelle-Aquitaine","France",,"0",,"a:3:{s:7:""onclick"";s:11:""custom_link"";s:13:""redirect_link"";s:53:""https://jboy.cagumbay.com/good-old-friend-in-bayonne/"";s:20:""redirect_link_window"";s:3:""yes"";}","a:0:{}","N;"
"76","San Sebastian","San Sebastián, Spain",,,"BOUNCE","43.318334","-1.9812312999999904","Donostialdea","Basque Country","Spain",,"0",,"a:3:{s:7:""onclick"";s:11:""custom_link"";s:13:""redirect_link"";s:52:""https://jboy.cagumbay.com/a-glance-of-san-sebastian/"";s:20:""redirect_link_window"";s:3:""yes"";}","a:0:{}","N;"
"77","Bordeaux","Bordeaux, France",,,"BOUNCE","44.837789","-0.5791799999999512","Bordeaux","Nouvelle-Aquitaine","France",,"0",,"a:3:{s:7:""onclick"";s:11:""custom_link"";s:13:""redirect_link"";s:44:""https://jboy.cagumbay.com/bordeaux-at-night/"";s:20:""redirect_link_window"";s:3:""yes"";}","a:0:{}","N;"
"78","Paris","Paris, France",,,"BOUNCE","48.85661400000001","2.3522219000000177","Paris","Île-de-France","France",,"0",,"a:3:{s:7:""onclick"";s:11:""custom_link"";s:13:""redirect_link"";s:39:""https://jboy.cagumbay.com/paris-france/"";s:20:""redirect_link_window"";s:3:""yes"";}","a:0:{}","N;"
"79","Krakow Old Town","Old Town Square, Szczepańska, Kraków, Poland",,,"BOUNCE","50.0630907","19.936564599999997","Kraków","małopolskie","Poland","31-011","0",,"a:3:{s:7:""onclick"";s:11:""custom_link"";s:13:""redirect_link"";s:42:""https://jboy.cagumbay.com/krakow-old-town/"";s:20:""redirect_link_window"";s:3:""yes"";}","a:0:{}","N;"
"80","Auschwitz-Birkenau","Auschwitz-Birkenau, Stanisławy Leszczyńskiej, Oswiecim, Poland",,,"BOUNCE","50.0273915","19.201977299999953","Oświęcim","małopolskie","Poland","32-600","0",,"a:3:{s:7:""onclick"";s:11:""custom_link"";s:13:""redirect_link"";s:75:""https://jboy.cagumbay.com/auschwitz-birkenau-unimaginable-crime-by-mankind/"";s:20:""redirect_link_window"";s:3:""yes"";}","a:0:{}","N;"
"81","Wieliczka Salt Mine","Wieliczka Salt Mine, Wieliczka, Poland",,,"BOUNCE","49.9834763","20.053796499999976","Wieliczka","małopolskie","Poland","32-020","0",,"a:3:{s:7:""onclick"";s:11:""custom_link"";s:13:""redirect_link"";s:63:""https://jboy.cagumbay.com/the-700-year-old-wieliczka-salt-mine/"";s:20:""redirect_link_window"";s:3:""yes"";}","a:0:{}","N;"
"82","Gdańsk, Poland","Gdańsk, Poland",,,"BOUNCE","54.35202520000001","18.64663840000003","Gdańsk","Pomeranian Voivodeship","Poland",,"0",,"a:3:{s:7:""onclick"";s:11:""custom_link"";s:13:""redirect_link"";s:64:""https://jboy.cagumbay.com/the-free-city-of-danzig-gdansk-poland/"";s:20:""redirect_link_window"";s:3:""yes"";}","a:0:{}","N;"
"83","Sopot, Poland","Sopot, Poland",,,"BOUNCE","54.441581","18.560095600000068","Sopot","Pomeranian Voivodeship","Poland",,"0",,"a:3:{s:7:""onclick"";s:11:""custom_link"";s:13:""redirect_link"";s:46:""https://jboy.cagumbay.com/sopot-a-quick-visit/"";s:20:""redirect_link_window"";s:3:""yes"";}","a:0:{}","N;"
"84","Brussels, Belgium","Brussels, Belgium",,,"BOUNCE","50.8503396","4.351710300000036","Brussels","Brussels","Belgium",,"0",,"a:3:{s:7:""onclick"";s:11:""custom_link"";s:13:""redirect_link"";s:42:""https://jboy.cagumbay.com/belgian-quickie/"";s:20:""redirect_link_window"";s:3:""yes"";}","a:0:{}","N;"
"85","Mont Saint-Michel, France","Mont Saint-Michel, France",,,"BOUNCE","48.63606300000001","-1.511457000000064","Mont Saint-Michel","Normandy","France","50170","0",,"a:3:{s:7:""onclick"";s:11:""custom_link"";s:13:""redirect_link"";s:65:""https://jboy.cagumbay.com/sleepless-journey-to-mont-saint-michel/"";s:20:""redirect_link_window"";s:3:""yes"";}","a:0:{}","N;"
"86","Rennes, France","Rennes, France",,,"BOUNCE","48.117266","-1.6777925999999752","Rennes","Brittany","France",,"0",,"a:3:{s:7:""onclick"";s:11:""custom_link"";s:13:""redirect_link"";s:46:""https://jboy.cagumbay.com/it-rained-in-rennes/"";s:20:""redirect_link_window"";s:3:""yes"";}","a:0:{}","N;"
"87","Palace of Versailles, Versailles, France","Palace of Versailles, Versailles, France",,,"BOUNCE","48.8048649","2.120355399999994","Versailles","Île-de-France","France","78000","0",,"a:3:{s:7:""onclick"";s:11:""custom_link"";s:13:""redirect_link"";s:67:""https://jboy.cagumbay.com/walking-around-the-gardens-of-versailles/"";s:20:""redirect_link_window"";s:3:""yes"";}","a:0:{}","N;"
"88","Lourdes, France","Lourdes, France",,,"BOUNCE","43.091463","-0.045726000000058775","Lourdes","Occitanie","France","65100","0",,"a:3:{s:7:""onclick"";s:11:""custom_link"";s:13:""redirect_link"";s:48:""https://jboy.cagumbay.com/lourdes-pilgrims-town/"";s:20:""redirect_link_window"";s:3:""yes"";}","a:0:{}","N;"
"89","Wrocław, Poland","Wrocław, Poland",,,"BOUNCE","51.1078852","17.03853760000004","Wrocław","Lower Silesian Voivodeship","Poland","51","0",,"a:3:{s:7:""onclick"";s:11:""custom_link"";s:13:""redirect_link"";s:67:""https://jboy.cagumbay.com/wroclaw-dwarves-and-filipino-hospitality/"";s:20:""redirect_link_window"";s:3:""yes"";}","a:0:{}","N;"
"90","Monaco","Monaco",,,"BOUNCE","43.73841760000001","7.42461579999997",,,"Monaco",,"0",,"a:3:{s:7:""onclick"";s:11:""custom_link"";s:13:""redirect_link"";s:45:""https://jboy.cagumbay.com/monte-carlo-monaco/"";s:20:""redirect_link_window"";s:3:""yes"";}","a:0:{}","N;"
"91","Èze, France","Èze, France",,,"BOUNCE","43.7278189","7.361792000000037","Èze","Provence-Alpes-Côte d'Azur","France","06360","0",,"a:3:{s:7:""onclick"";s:11:""custom_link"";s:13:""redirect_link"";s:74:""https://jboy.cagumbay.com/the-jardin-exotique-deze-when-in-french-riviera/"";s:20:""redirect_link_window"";s:3:""yes"";}","a:0:{}","N;"
"92","Nice, France","Nice, France",,,"BOUNCE","43.7101728","7.261953199999994","Nice","Provence-Alpes-Côte d'Azur","France",,"0",,"a:3:{s:7:""onclick"";s:11:""custom_link"";s:13:""redirect_link"";s:74:""https://jboy.cagumbay.com/nice-experiences-in-nice-when-in-french-riviera/"";s:20:""redirect_link_window"";s:3:""yes"";}","a:0:{}","N;"
"93","Madrid, Spain","Madrid, Spain",,,"BOUNCE","40.4167754","-3.7037901999999576","Madrid","Community of Madrid","Spain",,"0",,"a:3:{s:7:""onclick"";s:11:""custom_link"";s:13:""redirect_link"";s:56:""https://jboy.cagumbay.com/my-30th-on-the-28th-in-madrid/"";s:20:""redirect_link_window"";s:3:""yes"";}","a:0:{}","N;"
"94","Segovia, Spain","Segovia, Spain",,,"BOUNCE","40.9429032","-4.1088068999999905","Segovia","Castile and León","Spain",,"0",,"a:3:{s:7:""onclick"";s:11:""custom_link"";s:13:""redirect_link"";s:95:""https://jboy.cagumbay.com/spending-a-day-in-unesco-world-heritage-listed-city-of-segovia-spain/"";s:20:""redirect_link_window"";s:3:""yes"";}","a:0:{}","N;"
"95","Toulouse, France","Toulouse, France",,,"BOUNCE","43.604652","1.4442090000000007","Toulouse","Occitanie","France",,"0",,"a:3:{s:7:""onclick"";s:11:""custom_link"";s:13:""redirect_link"";s:66:""https://jboy.cagumbay.com/toulouse-a-series-of-unfortunate-events/"";s:20:""redirect_link_window"";s:3:""yes"";}","a:0:{}","N;"
"96","Zakopane","Zakopane, Poland",,,"BOUNCE","49.29918099999999","19.949562000000014","Zakopane","Lesser Poland Voivodeship","Poland","34","0",,"a:3:{s:7:""onclick"";s:11:""custom_link"";s:13:""redirect_link"";s:50:""https://jboy.cagumbay.com/zakopane-how-not-to-ski/"";s:20:""redirect_link_window"";s:3:""yes"";}","a:0:{}","N;"
"97","Kasprowy Wierch","Kasprowy Wierch",,,"BOUNCE","49.23216420000001","19.981798000000026",,,,,"0",,"a:3:{s:7:""onclick"";s:11:""custom_link"";s:13:""redirect_link"";s:66:""https://jboy.cagumbay.com/kasprowy-wierch-hiking-through-the-snow/"";s:20:""redirect_link_window"";s:3:""yes"";}","a:0:{}","N;"
"98","Poznań","Poznań, Poland",,,"BOUNCE","52.406374","16.925168100000064","Poznań","Greater Poland Voivodeship","Poland","61","0",,"a:3:{s:7:""onclick"";s:11:""custom_link"";s:13:""redirect_link"";s:85:""https://jboy.cagumbay.com/poznan-where-tourists-are-counted-by-two-headbanging-goats/"";s:20:""redirect_link_window"";s:3:""yes"";}","a:0:{}","N;"
"99","Oslo","Oslo, Norway",,,"BOUNCE","59.9138688","10.752245399999993","Oslo","Oslo","Norway",,"0",,"a:3:{s:7:""onclick"";s:11:""custom_link"";s:13:""redirect_link"";s:97:""https://jboy.cagumbay.com/oslo-norway-vikings-deceiving-exchange-rate-and-filipino-hospitability/"";s:20:""redirect_link_window"";s:3:""yes"";}","a:0:{}","N;"
"100","Baarle-Hertog, Belgium","Baarle-Hertog, Belgium",,,"BOUNCE","51.441832","4.931736000000001","Baarle-Hertog","Flanders","Belgium",,"0",,"a:3:{s:7:""onclick"";s:6:""marker"";s:13:""redirect_link"";s:0:"""";s:20:""redirect_link_window"";s:3:""yes"";}","N;",NULL
"101","Amsterdam","Amsterdam, Netherlands",,,"BOUNCE","52.3702157","4.895167899999933","Amsterdam","North Holland","Netherlands",,"0",,"a:3:{s:7:""onclick"";s:11:""custom_link"";s:13:""redirect_link"";s:65:""https://jboy.cagumbay.com/amsterdam-the-city-of-bikes-and-canals/"";s:20:""redirect_link_window"";s:3:""yes"";}","a:0:{}",NULL
"102","Haarlem","Haarlem, Netherlands",,,"BOUNCE","52.3873878","4.646219400000064","Haarlem","North Holland","Netherlands",,"0",,"a:3:{s:7:""onclick"";s:11:""custom_link"";s:13:""redirect_link"";s:61:""https://jboy.cagumbay.com/rainy-journey-to-the-tulip-country/"";s:20:""redirect_link_window"";s:3:""yes"";}","a:0:{}",NULL
"103","Prague","Prague, Czechia",,,"BOUNCE","50.0755381","14.43780049999998","Prague","Prague","Czechia",,"0",,"a:3:{s:7:""onclick"";s:11:""custom_link"";s:13:""redirect_link"";s:55:""https://jboy.cagumbay.com/the-beautiful-city-of-prague/"";s:20:""redirect_link_window"";s:3:""yes"";}","a:0:{}",NULL
"104","Oeschinen Lake, Kandersteg, Switzerland","Oeschinen Lake, Kandersteg, Switzerland",,,"BOUNCE","46.49890889999999","7.729106300000012","Kandersteg","Canton of Bern","Switzerland","3718","0",,"a:3:{s:7:""onclick"";s:11:""custom_link"";s:13:""redirect_link"";s:71:""https://jboy.cagumbay.com/hiking-through-unesco-region-of-oeschinensee/"";s:20:""redirect_link_window"";s:3:""yes"";}","a:0:{}",NULL
"105","Częstochowa","Częstochowa, Poland",,,"BOUNCE","50.8118195","19.120309399999996","Częstochowa","Silesian Voivodeship","Poland","42-200","0",,"a:3:{s:7:""onclick"";s:11:""custom_link"";s:13:""redirect_link"";s:66:""https://jboy.cagumbay.com/czestochowa-the-pilgrims-town-of-poland/"";s:20:""redirect_link_window"";s:3:""yes"";}","a:0:{}",NULL
"106","La Rochelle","La Rochelle, France",,,"BOUNCE","46.160329","-1.1511390000000574","La Rochelle","Nouvelle-Aquitaine","France",,"0",,"a:3:{s:7:""onclick"";s:11:""custom_link"";s:13:""redirect_link"";s:59:""https://jboy.cagumbay.com/la-rochelle-long-time-no-see-sea/"";s:20:""redirect_link_window"";s:3:""yes"";}","a:0:{}",NULL
"107","Futuroscope","Futuroscope, Avenue René Monory, Chasseneuil-du-Poitou, France",,,"BOUNCE","46.6698573","0.36975810000001275","Chasseneuil-du-Poitou","Nouvelle-Aquitaine","France","86360","0",,"a:3:{s:7:""onclick"";s:11:""custom_link"";s:13:""redirect_link"";s:63:""https://jboy.cagumbay.com/futuroscope-a-technology-themed-park/"";s:20:""redirect_link_window"";s:3:""yes"";}","a:0:{}",NULL
"108","Poitiers","Poitiers, France",,,"BOUNCE","46.58022400000001","0.34037499999999454","Poitiers","Nouvelle-Aquitaine","France","86000","0",,"a:3:{s:7:""onclick"";s:11:""custom_link"";s:13:""redirect_link"";s:56:""https://jboy.cagumbay.com/poitiers-the-city-of-students/"";s:20:""redirect_link_window"";s:3:""yes"";}","a:0:{}",NULL
"109","Kehl, Germany","Kehl, Germany",,,"BOUNCE","48.57887249999999","7.816082100000017","Ortenaukreis","Baden-Württemberg","Germany",,"0",,"a:3:{s:7:""onclick"";s:11:""custom_link"";s:13:""redirect_link"";s:56:""https://jboy.cagumbay.com/the-quiet-little-town-of-kehl/"";s:20:""redirect_link_window"";s:3:""yes"";}","a:0:{}",NULL
"110","Strasbourg, France","Strasbourg, France",,,"BOUNCE","48.57340529999999","7.752111300000024","Strasbourg","Grand Est","France",,"0",,"a:3:{s:7:""onclick"";s:11:""custom_link"";s:13:""redirect_link"";s:53:""https://jboy.cagumbay.com/strasbourg-capital-de-noel/"";s:20:""redirect_link_window"";s:3:""yes"";}","a:0:{}",NULL
"111","Disneyland Paris","Disneyland Paris, Boulevard de Parc, Coupvray, France",,,"BOUNCE","48.86717689999999","2.783826500000032","Coupvray","Île-de-France","France","77700","0",,"a:3:{s:7:""onclick"";s:11:""custom_link"";s:13:""redirect_link"";s:68:""https://jboy.cagumbay.com/disneyland-paris-waking-up-the-kid-inside/"";s:20:""redirect_link_window"";s:3:""yes"";}","a:0:{}",NULL
"112","Montreux, Switzerland","Montreux, Switzerland",,,"BOUNCE","46.4312213","6.910679899999991","Montreux","Vaud","Switzerland",,"0",,"a:3:{s:7:""onclick"";s:11:""custom_link"";s:13:""redirect_link"";s:49:""https://jboy.cagumbay.com/hiking-along-lac-leman/"";s:20:""redirect_link_window"";s:3:""yes"";}","a:0:{}",NULL
"113","Siargao","Siargao Island, Philippines",,,"BOUNCE","9.848188299999999","126.04584369999998",,"Caraga","Philippines",,"0",,"a:3:{s:7:""onclick"";s:11:""custom_link"";s:13:""redirect_link"";s:56:""https://jboy.cagumbay.com/the-elusive-island-of-siargao/"";s:20:""redirect_link_window"";s:3:""yes"";}","a:0:{}",NULL
"114","Hong Kong","Hong Kong",,,"BOUNCE","22.3193039","114.16936110000006",,,"Hong Kong",,"0",,"a:3:{s:7:""onclick"";s:11:""custom_link"";s:13:""redirect_link"";s:57:""https://jboy.cagumbay.com/hong-kong-in-less-than-an-hour/"";s:20:""redirect_link_window"";s:3:""yes"";}","a:0:{}",NULL
"115","Arcachon","Arcachon, France",,,"BOUNCE","44.652297","-1.1785016","Arcachon","Nouvelle-Aquitaine","France",,NULL,,"a:3:{s:7:""onclick"";s:11:""custom_link"";s:13:""redirect_link"";s:42:""https://jboy.cagumbay.com/arcachon-france/"";s:20:""redirect_link_window"";s:3:""yes"";}","a:0:{}",NULL
"116","Dune du Pilat","Dune du Pilat, France",,,"BOUNCE","44.58965250000001","-1.2133338",,"Nouvelle-Aquitaine","France",,NULL,,"a:3:{s:7:""onclick"";s:11:""custom_link"";s:13:""redirect_link"";s:47:""https://jboy.cagumbay.com/dune-du-pilat-france/"";s:20:""redirect_link_window"";s:3:""yes"";}","a:0:{}",NULL
"117","Antibes","Antibes, France",,,"BOUNCE","43.58041799999999","7.125102","Antibes","Provence-Alpes-Côte d'Azur","France",,NULL,"https://jboy.cagumbay.com/antibes-france/","a:3:{s:7:""onclick"";s:11:""custom_link"";s:13:""redirect_link"";s:41:""https://jboy.cagumbay.com/antibes-france/"";s:20:""redirect_link_window"";s:3:""yes"";}","a:0:{}",NULL
"118","Menton, France","Menton, France",,,"BOUNCE","43.774481","7.497540000000001","Menton","Provence-Alpes-Côte d'Azur","France",,NULL,,"a:3:{s:7:""onclick"";s:11:""custom_link"";s:13:""redirect_link"";s:40:""https://jboy.cagumbay.com/menton-france/"";s:20:""redirect_link_window"";s:3:""yes"";}","a:0:{}",NULL
"119","Dubai Expo 2020","Dubai Expo 2020 - Al Wasl Avenue - Dubai - United Arab Emirates",,,"BOUNCE","24.9608843","55.1506911","Dubai","Dubai","United Arab Emirates",,NULL,,"a:3:{s:7:""onclick"";s:11:""custom_link"";s:13:""redirect_link"";s:46:""https://jboy.cagumbay.com/dubai-expo-2020-uae/"";s:20:""redirect_link_window"";s:3:""yes"";}","a:0:{}",NULL
"120","Liwa, UAE","Liwa - Abu Dhabi - UAE",,,"BOUNCE","22.9239922","53.9935892",,"Abu Dhabi","United Arab Emirates",,NULL,,"a:3:{s:7:""onclick"";s:11:""custom_link"";s:13:""redirect_link"";s:35:""https://jboy.cagumbay.com/liwa-uae/"";s:20:""redirect_link_window"";s:3:""yes"";}","a:0:{}",NULL
"121","Colmar","Colmar, France",,,"BOUNCE","48.0793589","7.358511999999999","Colmar","Grand Est","France",,NULL,,"a:3:{s:7:""onclick"";s:6:""marker"";s:13:""redirect_link"";s:0:"""";s:20:""redirect_link_window"";s:3:""yes"";}","a:0:{}",NULL
"122","Basel","Basel, Switzerland",,,"BOUNCE","47.5595986","7.5885761","Basel","Basel City","Switzerland",,NULL,,"a:3:{s:7:""onclick"";s:6:""marker"";s:13:""redirect_link"";s:0:"""";s:20:""redirect_link_window"";s:3:""yes"";}","a:0:{}",NULL
"123","Rome","Rome, Italy",,,"BOUNCE","41.9027008","12.4962352",,"Lazio","Italy",,NULL,,"a:3:{s:7:""onclick"";s:11:""custom_link"";s:13:""redirect_link"";s:37:""https://jboy.cagumbay.com/rome-italy/"";s:20:""redirect_link_window"";s:3:""yes"";}","a:0:{}",NULL
"124","Turin","Turin, Italy",,,"BOUNCE","45.063299","7.669289",,"Piedmont","Italy",,NULL,,"a:3:{s:7:""onclick"";s:6:""marker"";s:13:""redirect_link"";s:0:"""";s:20:""redirect_link_window"";s:3:""yes"";}","a:0:{}",NULL
"125","Vatican","Vatican City",,,"BOUNCE","41.902916","12.453389","Vatican City",,"Vatican City",,NULL,,"a:3:{s:7:""onclick"";s:6:""marker"";s:13:""redirect_link"";s:0:"""";s:20:""redirect_link_window"";s:3:""yes"";}","a:0:{}",NULL
"126","Perpignan","Perpignan, France",,,"BOUNCE","42.6886591","2.8948332","Perpignan","Occitanie","France",,NULL,,"a:3:{s:7:""onclick"";s:6:""marker"";s:13:""redirect_link"";s:0:"""";s:20:""redirect_link_window"";s:3:""yes"";}","a:0:{}",NULL
"127","Lyon","Lyon, France",,,"BOUNCE","45.764043","4.835659","Lyon","Auvergne-Rhône-Alpes","France",,NULL,,"a:3:{s:7:""onclick"";s:6:""marker"";s:13:""redirect_link"";s:0:"""";s:20:""redirect_link_window"";s:3:""yes"";}","a:0:{}",NULL
"128","Granville","Granville, France",,,"BOUNCE","48.837579","-1.597302","Granville","Normandy","France",,NULL,,"a:3:{s:7:""onclick"";s:6:""marker"";s:13:""redirect_link"";s:0:"""";s:20:""redirect_link_window"";s:3:""yes"";}","a:0:{}",NULL
"129","Îles Chausey","Îles Chausey, France",,,"BOUNCE","48.87997555","-1.8291199",,"Normandy","France",,NULL,,"a:3:{s:7:""onclick"";s:6:""marker"";s:13:""redirect_link"";s:0:"""";s:20:""redirect_link_window"";s:3:""yes"";}","a:0:{}",NULL
"130","Clermont-Ferrand","Clermont-Ferrand, France",,,"BOUNCE","45.77722199999999","3.087025","Clermont-Ferrand","Auvergne-Rhône-Alpes","France",,NULL,,"a:3:{s:7:""onclick"";s:6:""marker"";s:13:""redirect_link"";s:0:"""";s:20:""redirect_link_window"";s:3:""yes"";}","a:0:{}",NULL
"131","Metz, France","Metz, France",,,"BOUNCE","49.1193089","6.175715599999999","Metz","Grand Est","France",,NULL,,"a:3:{s:7:""onclick"";s:11:""custom_link"";s:13:""redirect_link"";s:38:""https://jboy.cagumbay.com/metz-france/"";s:20:""redirect_link_window"";s:3:""yes"";}","a:0:{}",NULL
"132","Luxembourg, Luxembourg","Luxembourg, Luxembourg",,,"BOUNCE","49.61162100000001","6.1319346","Luxembourg","Luxembourg","Luxembourg",,NULL,,"a:3:{s:7:""onclick"";s:11:""custom_link"";s:13:""redirect_link"";s:48:""https://jboy.cagumbay.com/luxembourg-luxembourg/"";s:20:""redirect_link_window"";s:3:""yes"";}","a:0:{}",NULL
"133","Lille, France","Lille, France",,,"BOUNCE","50.62925","3.057256","Lille","Hauts-de-France","France",,NULL,,"a:3:{s:7:""onclick"";s:11:""custom_link"";s:13:""redirect_link"";s:39:""https://jboy.cagumbay.com/lille-france/"";s:20:""redirect_link_window"";s:3:""yes"";}","a:0:{}",NULL
"134","Dunkirk, France","Dunkirk, France",,,"BOUNCE","51.0343684","2.3767763","Dunkirk","Hauts-de-France","France",,NULL,,"a:3:{s:7:""onclick"";s:11:""custom_link"";s:13:""redirect_link"";s:42:""https://jboy.cagumbay.com/category/travel/"";s:20:""redirect_link_window"";s:3:""yes"";}","a:0:{}",NULL
"135","Ghent, Belgium","Ghent, Belgium",,,"BOUNCE","51.0500182","3.7303351","Ghent","Flanders","Belgium",,NULL,,"a:3:{s:7:""onclick"";s:11:""custom_link"";s:13:""redirect_link"";s:40:""https://jboy.cagumbay.com/ghent-belgium/"";s:20:""redirect_link_window"";s:3:""yes"";}","a:0:{}",NULL
"136","Nantes, France","Nantes, France",,,"BOUNCE","47.218371","-1.553621","Nantes","Pays de la Loire","France",,NULL,,"a:3:{s:7:""onclick"";s:11:""custom_link"";s:13:""redirect_link"";s:40:""https://jboy.cagumbay.com/nantes-france/"";s:20:""redirect_link_window"";s:3:""yes"";}","a:0:{}",NULL
"137","Barcelona, Spain","Barcelona, Spain",,,"BOUNCE","41.3873974","2.168568","Barcelona","Catalonia","Spain",,NULL,,"a:3:{s:7:""onclick"";s:11:""custom_link"";s:13:""redirect_link"";s:42:""https://jboy.cagumbay.com/barcelona-spain/"";s:20:""redirect_link_window"";s:3:""yes"";}","a:0:{}",NULL
"138","Montserrat, Spain","Montserrat, Spain",,,"BOUNCE","41.59577650000001","1.8298142",,"Catalonia","Spain",,NULL,,"a:3:{s:7:""onclick"";s:11:""custom_link"";s:13:""redirect_link"";s:43:""https://jboy.cagumbay.com/montserrat-spain/"";s:20:""redirect_link_window"";s:3:""yes"";}","a:0:{}",NULL
"139","Troyes, France","Troyes, France",,,"BOUNCE","48.2973451","4.0744009","Troyes","Grand Est","France",,NULL,,"a:3:{s:7:""onclick"";s:11:""custom_link"";s:13:""redirect_link"";s:40:""https://jboy.cagumbay.com/troyes-france/"";s:20:""redirect_link_window"";s:3:""yes"";}","a:0:{}",NULL
"140","Mallorca, Spain","Mallorca, Spain",,,"BOUNCE","39.6952629","3.0175712",,"Balearic Islands","Spain",,NULL,,"a:3:{s:7:""onclick"";s:11:""custom_link"";s:13:""redirect_link"";s:41:""https://jboy.cagumbay.com/mallorca-spain/"";s:20:""redirect_link_window"";s:3:""yes"";}","a:0:{}",NULL
"141","Rouen, France","Rouen, France",,,"BOUNCE","49.44323199999999","1.099971","Rouen","Normandy","France",,NULL,,"a:3:{s:7:""onclick"";s:11:""custom_link"";s:13:""redirect_link"";s:39:""https://jboy.cagumbay.com/rouen-france/"";s:20:""redirect_link_window"";s:3:""yes"";}","a:0:{}",NULL
"142","Abu Dhabi, United Arab Emirates","Abu Dhabi - United Arab Emirates",,,"BOUNCE","24.453884","54.3773438","Abu Dhabi","Abu Dhabi","United Arab Emirates",,NULL,,"a:3:{s:7:""onclick"";s:11:""custom_link"";s:13:""redirect_link"";s:40:""https://jboy.cagumbay.com/abu-dhabi-aue/"";s:20:""redirect_link_window"";s:3:""yes"";}","a:0:{}",NULL
"143","Étretat, France","Étretat, France",,,"BOUNCE","49.7070069","0.2055978","Étretat","Normandy","France",,NULL,,"a:3:{s:7:""onclick"";s:11:""custom_link"";s:13:""redirect_link"";s:41:""https://jboy.cagumbay.com/etretat-france/"";s:20:""redirect_link_window"";s:3:""yes"";}","a:0:{}",NULL
"144","Valleta, Malta","Valletta, Malta",,,"BOUNCE","35.8992375","14.5140996","Valletta",,"Malta",,NULL,,"a:4:{s:7:""onclick"";s:11:""custom_link"";s:13:""redirect_link"";s:40:""https://jboy.cagumbay.com/valleta-malta/"";s:20:""redirect_link_window"";s:3:""yes"";s:14:""featured_image"";s:0:"""";}","a:0:{}",NULL
"145","Blue Grotto, Malta","Blue Grotto, Malta",,,"BOUNCE","35.8208561","14.4574093",,,"Malta",,NULL,,"a:4:{s:7:""onclick"";s:11:""custom_link"";s:13:""redirect_link"";s:44:""https://jboy.cagumbay.com/blue-grotto-malta/"";s:20:""redirect_link_window"";s:3:""yes"";s:14:""featured_image"";s:0:"""";}","a:0:{}",NULL
"146","Mdina, Malta","Mdina, Malta",,,"BOUNCE","35.8863691","14.4031146","Mdina",,"Malta",,NULL,,"a:4:{s:7:""onclick"";s:11:""custom_link"";s:13:""redirect_link"";s:38:""https://jboy.cagumbay.com/mdina-malta/"";s:20:""redirect_link_window"";s:3:""yes"";s:14:""featured_image"";s:0:"""";}","a:0:{}",NULL
"147","Gozo, Malta","Gozo, Malta",,,"BOUNCE","36.0442999","14.2512221",,,"Malta",,NULL,,"a:4:{s:7:""onclick"";s:11:""custom_link"";s:13:""redirect_link"";s:37:""https://jboy.cagumbay.com/gozo-malta/"";s:20:""redirect_link_window"";s:3:""yes"";s:14:""featured_image"";s:0:"""";}","a:0:{}",NULL
"148","Singapore, Singapore","Singapore, Singapore",,,"BOUNCE","1.2811866","103.8503404","Singapore",,"Singapore",,NULL,,"a:4:{s:7:""onclick"";s:11:""custom_link"";s:13:""redirect_link"";s:36:""https://jboy.cagumbay.com/singapore/"";s:20:""redirect_link_window"";s:3:""yes"";s:14:""featured_image"";s:0:"""";}","a:0:{}",NULL
"149","Brisbane, Australia","Brisbane QLD, Australia",,,"BOUNCE","-27.4704528","153.0260341","Brisbane","Queensland","Australia",,NULL,,"a:4:{s:7:""onclick"";s:6:""marker"";s:13:""redirect_link"";s:0:"""";s:20:""redirect_link_window"";s:3:""yes"";s:14:""featured_image"";s:0:"""";}","a:0:{}",NULL
"150","Gold Coast","Gold Coast QLD, Australia",,,"BOUNCE","-28.016667","153.4","Gold Coast","Queensland","Australia",,NULL,,"a:4:{s:7:""onclick"";s:11:""custom_link"";s:13:""redirect_link"";s:47:""https://jboy.cagumbay.com/gold-coast-australia/"";s:20:""redirect_link_window"";s:3:""yes"";s:14:""featured_image"";s:0:"""";}","a:0:{}",NULL
"151","Sydney","Sydney NSW, Australia",,,"BOUNCE","-33.8688197","151.2092955","Sydney","New South Wales","Australia",,NULL,,"a:4:{s:7:""onclick"";s:11:""custom_link"";s:13:""redirect_link"";s:43:""https://jboy.cagumbay.com/sydney-australia/"";s:20:""redirect_link_window"";s:3:""yes"";s:14:""featured_image"";s:0:"""";}","a:0:{}",NULL
"152","Ostende, Belgium","Ostende, Belgium",,,"BOUNCE","51.22471849999999","2.9092214","Ostend","Flanders","Belgium",,NULL,,"a:4:{s:7:""onclick"";s:11:""custom_link"";s:13:""redirect_link"";s:41:""https://jboy.cagumbay.com/ostend-belgium/"";s:20:""redirect_link_window"";s:3:""yes"";s:14:""featured_image"";s:0:"""";}","a:0:{}",NULL
"153","Brugge, Belgium","Brugge, Belgium",,,"BOUNCE","51.20845079999999","3.2250586","Bruges","Flanders","Belgium",,NULL,,"a:4:{s:7:""onclick"";s:11:""custom_link"";s:13:""redirect_link"";s:41:""https://jboy.cagumbay.com/bruges-belgium/"";s:20:""redirect_link_window"";s:3:""yes"";s:14:""featured_image"";s:0:"""";}","a:0:{}",NULL
"154","Dubai, UAE","Dubai - UAE",,,"BOUNCE","25.2048493","55.2707828","Dubai","Dubai","United Arab Emirates",,NULL,,"a:4:{s:7:""onclick"";s:11:""custom_link"";s:13:""redirect_link"";s:36:""https://jboy.cagumbay.com/dubai-uae/"";s:20:""redirect_link_window"";s:3:""yes"";s:14:""featured_image"";s:0:"""";}","a:0:{}",NULL
"155","Tromsø, Norway","Tromsø, Norway",,,"BOUNCE","69.6492047","18.9553238","Tromsø","Troms","Norway",,NULL,,"a:4:{s:7:""onclick"";s:11:""custom_link"";s:13:""redirect_link"";s:40:""https://jboy.cagumbay.com/tromso-norway/"";s:20:""redirect_link_window"";s:3:""yes"";s:14:""featured_image"";s:0:"""";}","a:0:{}",NULL
"156","London, UK","London, UK",,,"BOUNCE","51.5072178","-0.1275862","London","England","United Kingdom",,NULL,,"a:4:{s:7:""onclick"";s:11:""custom_link"";s:13:""redirect_link"";s:36:""https://jboy.cagumbay.com/london-uk/"";s:20:""redirect_link_window"";s:3:""yes"";s:14:""featured_image"";s:0:"""";}","a:0:{}",NULL
"157","New York","New York, NY, USA",,,"BOUNCE","40.7127753","-74.0059728","New York","New York","United States",,NULL,,"a:4:{s:7:""onclick"";s:11:""custom_link"";s:13:""redirect_link"";s:44:""https://jboy.cagumbay.com/new-york-city-usa/"";s:20:""redirect_link_window"";s:3:""yes"";s:14:""featured_image"";s:0:"""";}","a:0:{}",NULL
"158","Marrakesh, Morocco","Marrakesh, Morocco",,,"BOUNCE","31.6225224","-7.989825799999999","Marrakesh","Marrakesh-Safi","Morocco",,NULL,,"a:4:{s:7:""onclick"";s:11:""custom_link"";s:13:""redirect_link"";s:44:""https://jboy.cagumbay.com/marrakesh-morocco/"";s:20:""redirect_link_window"";s:3:""yes"";s:14:""featured_image"";s:0:"""";}","a:0:{}",NULL
"159","Crete, Greece","Crete, Greece",,,"BOUNCE","35.240117","24.8092691",,,"Greece",,NULL,,"a:4:{s:7:""onclick"";s:11:""custom_link"";s:13:""redirect_link"";s:46:""https://jboy.cagumbay.com/?p=6716&preview=true"";s:20:""redirect_link_window"";s:3:""yes"";s:14:""featured_image"";s:0:"""";}","a:0:{}",NULL
"160","Frankfurt, Germany","Frankfurt am Main, Germany",,,"BOUNCE","50.1109221","8.6821267","Frankfurt am Main","Hessen","Germany",,NULL,,"a:4:{s:7:""onclick"";s:11:""custom_link"";s:13:""redirect_link"";s:44:""https://jboy.cagumbay.com/frankfurt-germany/"";s:20:""redirect_link_window"";s:3:""yes"";s:14:""featured_image"";s:0:"""";}","a:0:{}",NULL
"161","Lisbon, Portugal","Lisbon, Portugal",,,"BOUNCE","38.7222524","-9.1393366","Lisbon","Lisbon","Portugal",,NULL,,"a:4:{s:7:""onclick"";s:11:""custom_link"";s:13:""redirect_link"";s:42:""https://jboy.cagumbay.com/lisbon-portugal/"";s:20:""redirect_link_window"";s:3:""yes"";s:14:""featured_image"";s:0:"""";}","a:0:{}",NULL
"162","Copenhagen, Denmark","Copenhagen, Denmark",,,"BOUNCE","55.6760968","12.5683371","Copenhagen",,"Denmark",,NULL,,"a:4:{s:7:""onclick"";s:11:""custom_link"";s:13:""redirect_link"";s:45:""https://jboy.cagumbay.com/copenhagen-denmark/"";s:20:""redirect_link_window"";s:3:""yes"";s:14:""featured_image"";s:0:"""";}","a:0:{}",NULL
"163","Annecy, France","Annecy, France",,,"BOUNCE","45.9058956","6.1259117","Annecy","Auvergne-Rhône-Alpes","France",,NULL,,"a:4:{s:7:""onclick"";s:11:""custom_link"";s:13:""redirect_link"";s:40:""https://jboy.cagumbay.com/annecy-france/"";s:20:""redirect_link_window"";s:3:""yes"";s:14:""featured_image"";s:0:"""";}","a:0:{}",NULL
"164","Utrecht, Netherlands","Utrecht, Netherlands",,,"BOUNCE","52.09192549999999","5.1229572","Utrecht","Utrecht","Netherlands",,NULL,,"a:4:{s:7:""onclick"";s:11:""custom_link"";s:13:""redirect_link"";s:50:""https://jboy.cagumbay.com/utrecht-the-netherlands/"";s:20:""redirect_link_window"";s:3:""yes"";s:14:""featured_image"";s:0:"""";}","a:0:{}",NULL
